train_steps,unique_train_samples,val_window_start,val_window_length,base_train_loss,final_train_loss,base_val_logpi_l1,final_val_logpi_l1,master_logpi_l1,base_ranks,final_ranks,num_growth_trials,growth_trials
1000,501,1000,1000,0.006957692094147205,0.006955248769372702,6.510619478891346,6.4265922977367245,7.445939105894455,"(2, 2)","(4, 2)",2,"[{'trial': 1, 'layer': 0, 'sv_ratio': 0.7712461293820426, 'ranks_before': (2, 2), 'ranks_after_expand': (4, 2), 'ranks_after_compress': (4, 2), 'expand_loss': 0.006956287659704685, 'compress_loss': 0.006955248769372702, 'prev_best_val': 6.510619478891346, 'candidate_val': 6.4265922977367245, 'improved': True}, {'trial': 2, 'layer': 1, 'sv_ratio': 0.7541900562103172, 'ranks_before': (4, 2), 'ranks_after_expand': (4, 4), 'ranks_after_compress': (4, 4), 'expand_loss': 0.0020587791223078966, 'compress_loss': 0.002056571887806058, 'prev_best_val': 6.4265922977367245, 'candidate_val': 6.885439250183138, 'improved': False}]"
2000,1001,2000,1000,0.007102125324308872,0.007102125324308872,6.965744940486664,6.965744940486664,8.069450076624465,"(4, 2)","(4, 2)",1,"[{'trial': 1, 'layer': 1, 'sv_ratio': 0.5763449998780452, 'ranks_before': (4, 2), 'ranks_after_expand': (4, 4), 'ranks_after_compress': (4, 4), 'expand_loss': 0.00204465608112514, 'compress_loss': 0.0020438681822270155, 'prev_best_val': 6.965744940486664, 'candidate_val': 7.630952330864319, 'improved': False}]"
3000,1501,3000,1000,0.007123373448848724,0.007123373448848724,6.706346313119541,6.706346313119541,7.319845589493778,"(4, 2)","(4, 2)",1,"[{'trial': 1, 'layer': 1, 'sv_ratio': 0.5504856513179803, 'ranks_before': (4, 2), 'ranks_after_expand': (4, 4), 'ranks_after_compress': (4, 4), 'expand_loss': 0.0020796351600438356, 'compress_loss': 0.002076773438602686, 'prev_best_val': 6.706346313119541, 'candidate_val': 7.510442966736492, 'improved': False}]"
4000,2001,4000,1000,0.004932048264890909,0.004932048264890909,8.704176879747859,8.704176879747859,9.352139440357208,"(4, 2)","(4, 2)",1,"[{'trial': 1, 'layer': 1, 'sv_ratio': 0.1490753065709041, 'ranks_before': (4, 2), 'ranks_after_expand': (4, 4), 'ranks_after_compress': (4, 4), 'expand_loss': 0.0012613614089787006, 'compress_loss': 0.0009652143344283104, 'prev_best_val': 8.704176879747859, 'candidate_val': 12.837360116926854, 'improved': False}]"
