train_size,unique_train_size,val_start,val_size,train_step,train_loss,final_train_loss,val_logpi_l1_error,val_mse_obs,mean_da_reject,mean_da_accept,mean_a1,mean_a2_reject
1000,501,6000,6000,1000,mse,2.6158053515246138e-05,12.175078313643091,0.05854193257160412,0.39918069103826487,0.131970568776321,0.5311512598145859,0.4690109584100413
2000,1001,6000,6000,1000,mse,0.00020166649483144283,9.166750547246101,0.04269698114488906,0.36462343091228255,0.17730751862753208,0.5419309495398147,0.45900882565573
3000,1501,6000,6000,1000,mse,0.0003365808224771172,8.385462010976074,0.03877415210939753,0.3619812253499668,0.1797447708534849,0.5417259962034519,0.457658665090123
4000,2001,6000,6000,1000,mse,0.0005826135748066008,7.966134945821167,0.03614146478294197,0.3566897422328578,0.18623840538929043,0.5429281476221481,0.45644799798032976
5000,2501,6000,6000,1000,mse,0.0008776654722169042,7.691045436851398,0.03435263024733288,0.35158796128329184,0.19382390900653693,0.5454118702898288,0.45128205216286976
6000,3001,6000,6000,1000,mse,0.0011874244082719088,7.62187866764483,0.03345003779104429,0.3497702645413269,0.19477251737517615,0.5445427819165031,0.44817975684128686
