train_size,unique_train_size,val_start,val_size,train_step,train_loss,final_train_loss,val_logpi_l1_error,val_mse_obs,mean_da_reject,mean_da_accept,mean_a1,mean_a2_reject
1000,501,6000,6000,1000,mse,0.01801236718893051,6.50150123099542,0.025356031985200814,0.27823970781841245,0.30417898846669483,0.5824186962851073,0.41965314461531117
2000,1001,6000,6000,1000,mse,0.019688019528985023,6.697747769980038,0.024095929692063187,0.2718170598490237,0.31558707521328283,0.5874041350623066,0.41483205186756367
3000,1501,6000,6000,1000,mse,0.016143206506967545,6.506946477771377,0.023146205940910793,0.2845847710121803,0.2979353643273922,0.5825201353395726,0.42032453975582335
4000,2001,6000,6000,1000,mse,0.015773821622133255,6.100969495168097,0.02167383886133029,0.26785996392864503,0.3129809719983846,0.5808409359270297,0.41699908150359233
5000,2501,6000,6000,1000,mse,0.01613069511950016,6.083150547470388,0.02103759978479205,0.2639220584775915,0.3214792270455527,0.5854012855231442,0.41412666902384765
6000,3001,6000,6000,1000,mse,0.016096636652946472,6.122056767458163,0.020944035313587767,0.2615916086955706,0.3248254662964771,0.5864170749920476,0.4166374620472131
